<?xml version="1.0" encoding="UTF-8"?>
<project-private xmlns="http://www.netbeans.org/ns/project-private/1">
    <editor-bookmarks xmlns="http://www.netbeans.org/ns/editor-bookmarks/2" lastBookmarkId="0"/>
    <open-files xmlns="http://www.netbeans.org/ns/projectui-open-files/2">
        <group>
            <file>file:/C:/Users/user/Documents/NetBeansProjects/PROG%20TASK%202/src/newpackage/JFrame3.java</file>
            <file>file:/C:/Users/user/Documents/NetBeansProjects/PROG%20TASK%202/src/newpackage/JFrame1_1.java</file>
            <file>file:/C:/Users/user/Documents/NetBeansProjects/PROG%20TASK%202/src/newpackage/JFRAME1.java</file>
            <file>file:/C:/Users/user/Documents/NetBeansProjects/PROG%20TASK%202/src/newpackage/JFrame2.java</file>
        </group>
    </open-files>
</project-private>
